{
  "AWSEBDockerrunVersion": "1",
  "Image": {
    "Name": "paperlessngx/paperless-ngx:latest",
    "Update": "true"
  },
  "Ports": [
    {
      "ContainerPort": 8000,
      "HostPort": 80
    }
  ],
  "Volumes": [
    {
      "HostDirectory": "/var/app/current/data",
      "ContainerDirectory": "/usr/src/paperless/data"
    },
    {
      "HostDirectory": "/var/app/current/media",
      "ContainerDirectory": "/usr/src/paperless/media"
    },
    {
      "HostDirectory": "/var/app/current/export",
      "ContainerDirectory": "/usr/src/paperless/export"
    },
    {
      "HostDirectory": "/var/app/current/consume",
      "ContainerDirectory": "/usr/src/paperless/consume"
    }
  ],
  "Logging": "/var/log/nginx"
}
